{"cameraMode":{"drawMode":0,"name":"Shaded","section":"Shading Mode"},"sceneLighting":true,"audioPlay":false,"sceneViewState":{"showFog":true,"showMaterialUpdate":true,"showSkybox":true,"showFlares":true,"showImageEffects":true,"showParticleSystems":true},"in2DMode":false,"pivot":{"x":11.07326889038086,"y":-0.7973423004150391,"z":-3.5673811435699465},"rotation":{"x":-0.6593899130821228,"y":0.0038184477016329767,"z":-0.0033533840905874969,"w":-0.7517963647842407},"size":13.266091346740723,"orthographic":false}